<appian-plugin name="My Corp Connected System - Google Drive Multi-Operation OAuth Sample" key="com.mycorp.google.drive">

  <plugin-info>
    <description>My Corp Connected System - Google Drive Sample with multiple operations</description>
    <vendor name="My Corporation" url="http://www.mycorp.com"/>
    <version>1.0.0.0</version>
    <application-version min="7.6.0.4"/>
  </plugin-info>

  <connected-system-template key="GoogleDriveSampleConnectedSystem" name="GoogleDriveSampleConnectedSystem"
                             class="com.mycorp.googledrive.templates.GoogleDriveSampleConnectedSystemTemplate">
    <!--
    In order for all templates to be registered, an integration-template tag for each must be included within
    the connected-system element. Note: the keys have to be different.
    -->
    <integration-template key="GoogleDriveSendFileIntegrationTemplate" name="GoogleDriveSendFileIntegrationTemplate"
                          class="com.mycorp.googledrive.templates.GoogleDriveSendFileIntegrationTemplate" />

    <integration-template key="GoogleDriveCreateFolderIntegrationTemplate" name="GoogleDriveCreateFolderIntegrationTemplate"
                          class="com.mycorp.googledrive.templates.GoogleDriveCreateFolderIntegrationTemplate" />

    <integration-template key="GoogleDriveCreateFolderIntegrationTemplate" name="GoogleDriveListFilesIntegrationTemplate"
                          class="com.mycorp.googledrive.templates.GoogleDriveListFilesIntegrationTemplate" />

    <integration-template key="GoogleDriveCreateFolderIntegrationTemplate" name="GoogleDriveDownloadFileIntegrationTemplate"
                          class="com.mycorp.googledrive.templates.GoogleDriveDownloadFileIntegrationTemplate" />
  </connected-system-template>
</appian-plugin>
