<appian-plugin name="My Corp Connected System - Error Handling" key="com.mycorp.errorhandling">

  <plugin-info>
    <description>My Corp Connected System - Error Handling</description>
    <vendor name="My Corporation" url="http://www.mycorp.com"/>
    <version>1.0.0.0</version>
    <application-version min="7.6.0.4"/>
  </plugin-info>

  <connected-system-template key="ErrorHandlingConnectedSystem" name="ErrorHandlingConnectedSystem"
                             class="com.example.errorhandling.templates.ErrorHandlingConnectedSystemTemplate">

    <integration-template key="ErrorHandlingIntegrationTemplate" name="ErrorHandlingIntegrationTemplate"
                          class="com.example.errorhandling.templates.ErrorHandlingIntegrationTemplate" />

  </connected-system-template>
</appian-plugin>
