<appian-plugin name="My Corp Connected System - Text Detection" key="com.mycorp.textdetection">

  <plugin-info>
    <description>My Corp Connected System - Text Detection</description>
    <vendor name="My Corporation" url="http://www.mycorp.com"/>
    <version>1.0.0.0</version>
    <application-version min="7.6.0.4"/>
  </plugin-info>

  <connected-system-template key="TextDetectionConnectedSystemTemplate" name="TextDetectionConnectedSystemTemplate"
                             class="com.mycorp.textdetection.templates.TextDetectionConnectedSystemTemplate">

    <client-api key="" name="TextDetectionClientApi"
                          class="com.mycorp.textdetection.templates.TextDetectionClientApi" />

  </connected-system-template>
</appian-plugin>
