<?xml version="1.0" encoding="UTF-8"?>
<appian-component-plugin name="Map Component Plug-in" key="com.mycorp.sample.map">
  <plugin-info>
    <description>Provides a Map Component Plug-in backed by Google Maps</description>
    <vendor name="Appian" url="http://www.appian.com" />
    <support supported="true" email="support@appian.com" url="https://community.appian.com"/>
    <version>1.0</version>
  </plugin-info>

  <component rule-name="mapField" version="1.0.0">
    <sdk-version>2.0.0</sdk-version>
    <icon-file>google-maps.svg</icon-file>
    <parameter>
      <name>key</name>
      <category>input-only</category>
      <type>Text</type>
    </parameter>
    <parameter>
      <name>zoomLevel</name>
      <category>input-only</category>
      <type>
        <enum>
          <choice>WORLD</choice>
          <choice>CITY</choice>
          <choice>BUILDINGS</choice>
        </enum>
      </type>
    </parameter>
    <parameter>
      <name>location</name>
      <category>input-only</category>
      <type>Text</type>
    </parameter>
    <parameter>
      <name>pin</name>
      <category>event</category>
    </parameter>
    <html-entry-point>index.html</html-entry-point>
    <supported-user-agents>chrome firefox ie11 edge safari mobile</supported-user-agents>
  </component>
</appian-component-plugin>
