<appian-plugin name="My Corp Connected System - Hello World" key="com.mycorp.helloworld">

  <plugin-info>
    <description>My Corp Connected System - Hello World</description>
    <vendor name="My Corporation" url="http://www.mycorp.com"/>
    <version>1.0.0.0</version>
    <application-version min="7.6.0.4"/>
  </plugin-info>

  <connected-system-template key="HelloWorldConnectedSystem" name="HelloWorldConnectedSystem"
                             class="com.mycorp.helloworld.templates.HelloWorldConnectedSystemTemplate">

    <integration-template key="HelloWorldIntegrationTemplate" name="HelloWorldIntegrationTemplate"
                          class="com.mycorp.helloworld.templates.HelloWorldIntegrationTemplate" />

  </connected-system-template>
</appian-plugin>
